Start time,End time,Round trip time,processing delay,Before-inference-time,After-inference-time,total-process,resizing-time,requesttime,decompress time,np conv,bytes to image
1714422929.727675,1714422929.8122666,0.08459162712097168,0.018070220947265625,1714422929.7900517,1714422929.808122,0.05134296417236328,0.001157999038696289,0.02426314353942871,0.0013382434844970703,1.6450881958007812e-05,0.006496429443359375
1714422929.8423102,1714422929.9192271,0.07691693305969238,0.014966964721679688,1714422929.8995118,1714422929.9144788,0.05854296684265137,0.0011358261108398438,0.030371427536010742,0.00182342529296875,1.4066696166992188e-05,0.010230302810668945
1714422929.951143,1714422929.9973505,0.046207427978515625,0.014598369598388672,1714422929.9788826,1714422929.993481,0.02904224395751953,0.0010426044464111328,0.005895137786865234,0.0018172264099121094,1.3828277587890625e-05,0.005674600601196289
1714422930.022275,1714422930.0748308,0.05255579948425293,0.014191627502441406,1714422930.0572934,1714422930.071485,0.030056238174438477,0.0010676383972167969,0.007169008255004883,0.001211404800415039,9.5367431640625e-06,0.006406545639038086
1714422930.1019013,1714422930.1537707,0.05186939239501953,0.014085531234741211,1714422930.1364164,1714422930.150502,0.028726816177368164,0.0010271072387695312,0.00638890266418457,0.0014567375183105469,8.344650268554688e-06,0.005759716033935547
1714422930.1856349,1714422930.2345233,0.048888444900512695,0.014041900634765625,1714422930.216808,1714422930.23085,0.0312192440032959,0.0011899471282958984,0.0076236724853515625,0.0018715858459472656,1.3828277587890625e-05,0.0064771175384521484
1714422930.2638116,1714422930.3127027,0.04889106750488281,0.014699935913085938,1714422930.2948887,1714422930.3095887,0.031005144119262695,0.0010344982147216797,0.007369279861450195,0.0016140937805175781,1.2159347534179688e-05,0.006274700164794922
1714422930.3542182,1714422930.402056,0.04783773422241211,0.01545405387878418,1714422930.3823097,1714422930.3977637,0.030280351638793945,0.0009751319885253906,0.0061838626861572266,0.0016188621520996094,1.3113021850585938e-05,0.006034135818481445
1714422930.4277315,1714422930.4799562,0.05222463607788086,0.014392614364624023,1714422930.4619002,1714422930.4762928,0.034534454345703125,0.0010483264923095703,0.010679483413696289,0.0010623931884765625,9.5367431640625e-06,0.007341623306274414
1714422930.5095987,1714422930.5617805,0.05218172073364258,0.01938319206237793,1714422930.5381303,1714422930.5575135,0.03415656089782715,0.0010602474212646484,0.006143331527709961,0.0008916854858398438,2.002716064453125e-05,0.006657600402832031
1714422930.587761,1714422930.6399956,0.052234649658203125,0.01561737060546875,1714422930.6206954,1714422930.6363127,0.032523393630981445,0.0010406970977783203,0.00795435905456543,0.0009953975677490234,1.0728836059570312e-05,0.006904125213623047
1714422930.6663592,1714422930.7215235,0.055164337158203125,0.01557779312133789,1714422930.7026887,1714422930.7182665,0.03176736831665039,0.001028299331665039,0.0070018768310546875,0.0019176006317138672,1.3589859008789062e-05,0.006227731704711914
1714422930.756803,1714422930.816254,0.05945086479187012,0.014663934707641602,1714422930.7943048,1714422930.8089688,0.032469749450683594,0.0011022090911865234,0.008135557174682617,0.001119375228881836,8.821487426757812e-06,0.007439374923706055
1714422930.8702512,1714422930.9280446,0.057793378829956055,0.015654802322387695,1714422930.9063962,1714422930.922051,0.032363176345825195,0.0010962486267089844,0.0075342655181884766,0.0010309219360351562,8.821487426757812e-06,0.00703740119934082
1714422930.9786873,1714422931.0401607,0.06147336959838867,0.015412330627441406,1714422931.0183094,1714422931.0337217,0.03518271446228027,0.0010328292846679688,0.008611440658569336,0.0014197826385498047,1.0013580322265625e-05,0.008695840835571289
1714422931.0822694,1714422931.1317213,0.04945182800292969,0.015669584274291992,1714422931.1117084,1714422931.127378,0.031806230545043945,0.0010242462158203125,0.007100105285644531,0.0019218921661376953,1.2636184692382812e-05,0.006077289581298828
1714422931.1696687,1714422931.224169,0.05450034141540527,0.015565156936645508,1714422931.2048264,1714422931.2203915,0.036409854888916016,0.0012364387512207031,0.009481191635131836,0.001361846923828125,1.049041748046875e-05,0.008754253387451172
1714422931.289053,1714422931.3560429,0.06698989868164062,0.015424251556396484,1714422931.3359299,1714422931.3513541,0.032144784927368164,0.0010488033294677734,0.007523059844970703,0.0015516281127929688,1.1205673217773438e-05,0.006585359573364258
1714422931.4225934,1714422931.4909925,0.06839919090270996,0.015307903289794922,1714422931.459497,1714422931.4748049,0.03241705894470215,0.0010340213775634766,0.008151769638061523,0.0016007423400878906,1.239776611328125e-05,0.0063097476959228516
1714422931.5594618,1714422931.6440914,0.08462953567504883,0.014955282211303711,1714422931.6115844,1714422931.6265397,0.03168463706970215,0.0010967254638671875,0.007470607757568359,0.0011868476867675781,9.059906005859375e-06,0.0069658756256103516
1714422931.7214222,1714422931.7926967,0.0712745189666748,0.014533281326293945,1714422931.7734902,1714422931.7880235,0.03172612190246582,0.0009794235229492188,0.008908748626708984,0.0008864402770996094,9.5367431640625e-06,0.006408214569091797
1714422931.8466372,1714422931.919753,0.07311582565307617,0.013689041137695312,1714422931.902008,1714422931.915697,0.034216880798339844,0.0009534358978271484,0.009213685989379883,0.001230478286743164,1.0967254638671875e-05,0.00911855697631836
1714422931.957862,1714422932.0233693,0.06550741195678711,0.013612508773803711,1714422932.0029752,1714422932.0165877,0.03269600868225098,0.0010266304016113281,0.008641958236694336,0.0014102458953857422,1.0967254638671875e-05,0.007993221282958984
1714422932.0896647,1714422932.2164562,0.12679147720336914,0.018023252487182617,1714422932.1892061,1714422932.2072294,0.03785443305969238,0.0011110305786132812,0.009732723236083984,0.0011081695556640625,1.0251998901367188e-05,0.007868289947509766
1714422932.3081248,1714422932.36091,0.05278515815734863,0.014497518539428711,1714422932.3426614,1714422932.357159,0.033934593200683594,0.0010905265808105469,0.009914875030517578,0.0011305809020996094,1.0013580322265625e-05,0.00729060173034668
1714422932.4193943,1714422932.505944,0.08654975891113281,0.02484869956970215,1714422932.4746494,1714422932.4994981,0.04235553741455078,0.0010569095611572266,0.007918119430541992,0.0011038780212402344,9.5367431640625e-06,0.007417917251586914
1714422932.5770655,1714422932.6502457,0.0731801986694336,0.020830869674682617,1714422932.6233747,1714422932.6442056,0.03934168815612793,0.0018036365509033203,0.008339405059814453,0.0009868144989013672,9.775161743164062e-06,0.0073697566986083984
1714422932.7133665,1714422932.7866733,0.07330679893493652,0.016277074813842773,1714422932.7665792,1714422932.7828562,0.03657364845275879,0.0009682178497314453,0.009134054183959961,0.00044608116149902344,1.1682510375976562e-05,0.009736061096191406
1714422932.8333268,1714422932.9002297,0.06690287590026855,0.020102262496948242,1714422932.8761194,1714422932.8962216,0.03764152526855469,0.001135110855102539,0.008593082427978516,0.0009703636169433594,9.059906005859375e-06,0.006831169128417969
1714422932.9488282,1714422933.0104902,0.06166195869445801,0.01564168930053711,1714422932.9891765,1714422933.0048182,0.03490567207336426,0.0010867118835449219,0.009551525115966797,0.0012085437774658203,9.5367431640625e-06,0.007406949996948242
1714422933.0639954,1714422933.1335096,0.06951427459716797,0.015892982482910156,1714422933.1097295,1714422933.1256225,0.03392648696899414,0.0010576248168945312,0.00825643539428711,0.0014297962188720703,8.821487426757812e-06,0.0072803497314453125
1714422933.1835558,1714422933.2521355,0.06857967376708984,0.014972925186157227,1714422933.224878,1714422933.239851,0.03549814224243164,0.0010635852813720703,0.01251363754272461,0.0010433197021484375,9.298324584960938e-06,0.005894899368286133
1714422933.3329968,1714422933.409724,0.07672715187072754,0.01615452766418457,1714422933.3891528,1714422933.4053073,0.03579592704772949,0.0011935234069824219,0.011456727981567383,0.0010373592376708984,9.5367431640625e-06,0.005944013595581055
1714422933.4621267,1714422933.5284426,0.06631588935852051,0.017749547958374023,1714422933.5054865,1714422933.523236,0.03715372085571289,0.0011394023895263672,0.009388923645019531,0.0010678768157958984,9.5367431640625e-06,0.007797956466674805
1714422933.589377,1714422933.6574643,0.06808733940124512,0.014519929885864258,1714422933.6384706,1714422933.6529906,0.03280520439147949,0.0010209083557128906,0.008795022964477539,0.0010554790496826172,9.5367431640625e-06,0.0074040889739990234
1714422933.7159295,1714422933.7913876,0.07545804977416992,0.014243125915527344,1714422933.7718723,1714422933.7861154,0.03345847129821777,0.0010652542114257812,0.008359432220458984,0.0012161731719970703,1.049041748046875e-05,0.008563756942749023
1714422933.906841,1714422933.9746568,0.06781578063964844,0.01421666145324707,1714422933.9538677,1714422933.9680843,0.032509803771972656,0.0010373592376708984,0.009014606475830078,0.0009887218475341797,8.821487426757812e-06,0.007243156433105469
1714422934.0501702,1714422934.1005685,0.05039834976196289,0.014336109161376953,1714422934.0813568,1714422934.0956929,0.03026270866394043,0.0011377334594726562,0.0072116851806640625,0.001188516616821289,8.821487426757812e-06,0.006379365921020508
1714422934.1825502,1714422934.2775676,0.0950174331665039,0.014972448348999023,1714422934.2471232,1714422934.2620957,0.035462379455566406,0.0009679794311523438,0.010556936264038086,0.0013403892517089844,1.0728836059570312e-05,0.007613658905029297
1714422934.3577847,1714422934.4415839,0.08379912376403809,0.015798568725585938,1714422934.4160821,1714422934.4318807,0.033374786376953125,0.001092672348022461,0.008814334869384766,0.0011210441589355469,9.059906005859375e-06,0.0065386295318603516
1714422934.5269501,1714422934.607516,0.0805659294128418,0.014885902404785156,1714422934.5822167,1714422934.5971026,0.03279280662536621,0.0010712146759033203,0.00827336311340332,0.0011134147644042969,9.298324584960938e-06,0.007439136505126953
1714422934.6768792,1714422934.7548468,0.07796764373779297,0.015146493911743164,1714422934.7354484,1714422934.7505949,0.03374004364013672,0.001041412353515625,0.008240699768066406,0.0013141632080078125,1.0013580322265625e-05,0.007986783981323242
1714422934.8308969,1714422934.8975997,0.06670284271240234,0.01544332504272461,1714422934.8787627,1714422934.894206,0.03231978416442871,0.0010533332824707031,0.007875204086303711,0.00140380859375,1.3828277587890625e-05,0.006529808044433594
1714422934.9342275,1714422935.0168238,0.0825963020324707,0.01441502571105957,1714422934.9975488,1714422935.0119638,0.039716482162475586,0.0010159015655517578,0.0160524845123291,0.0015320777893066406,1.2636184692382812e-05,0.00668787956237793
1714422935.0695221,1714422935.1542597,0.08473753929138184,0.016760826110839844,1714422935.1245222,1714422935.141283,0.03488445281982422,0.0010275840759277344,0.008859395980834961,0.0012128353118896484,1.1444091796875e-05,0.007011890411376953
1714422935.1950998,1714422935.2569456,0.06184577941894531,0.0162961483001709,1714422935.235456,1714422935.2517521,0.03355836868286133,0.0011048316955566406,0.007986307144165039,0.0018885135650634766,1.430511474609375e-05,0.006268024444580078
1714422935.3533444,1714422935.4294627,0.07611823081970215,0.01591801643371582,1714422935.4101286,1714422935.4260466,0.033879995346069336,0.001020669937133789,0.008861780166625977,0.001026153564453125,9.775161743164062e-06,0.007042884826660156
1714422935.540079,1714422935.6110888,0.07100963592529297,0.015110015869140625,1714422935.5901375,1714422935.6052475,0.036312103271484375,0.0011484622955322266,0.010206222534179688,0.0012531280517578125,1.0251998901367188e-05,0.008583545684814453
1714422935.6754982,1714422935.7494693,0.07397103309631348,0.01447916030883789,1714422935.7287939,1714422935.743273,0.03231310844421387,0.0011129379272460938,0.008914709091186523,0.000982522964477539,9.059906005859375e-06,0.006814479827880859
1714422935.8501287,1714422935.9229393,0.07281064987182617,0.014533281326293945,1714422935.8980038,1714422935.912537,0.03683328628540039,0.0009539127349853516,0.010599136352539062,0.0014448165893554688,1.0967254638671875e-05,0.009290695190429688
1714422935.9999068,1714422936.0564227,0.05651593208312988,0.01681041717529297,1714422936.0341382,1714422936.0509486,0.03299450874328613,0.0010921955108642578,0.007605552673339844,0.0011963844299316406,1.1682510375976562e-05,0.006277799606323242
1714422936.115753,1714422936.191391,0.0756380558013916,0.018724441528320312,1714422936.1631405,1714422936.181865,0.0359799861907959,0.001062154769897461,0.007662773132324219,0.0010802745819091797,1.049041748046875e-05,0.007439613342285156
1714422936.2436182,1714422936.3004682,0.05684995651245117,0.016657352447509766,1714422936.2742329,1714422936.2908902,0.03267550468444824,0.0010542869567871094,0.00655364990234375,0.0009450912475585938,1.0013580322265625e-05,0.007454395294189453
1714422936.3542223,1714422936.4186532,0.06443095207214355,0.016839981079101562,1714422936.3967187,1714422936.4135587,0.03597450256347656,0.0010843276977539062,0.009672403335571289,0.000946044921875,1.0251998901367188e-05,0.007421255111694336
1714422936.4566693,1714422936.5273566,0.07068729400634766,0.0167996883392334,1714422936.5057101,1714422936.5225098,0.032324790954589844,0.0010881423950195312,0.00713658332824707,0.0013647079467773438,1.2874603271484375e-05,0.0059223175048828125
1714422936.600424,1714422936.659218,0.05879402160644531,0.016535043716430664,1714422936.6389282,1714422936.6554632,0.030377626419067383,0.0008983612060546875,0.006229877471923828,0.0008666515350341797,8.106231689453125e-06,0.005839109420776367
1714422936.7248335,1714422936.7874775,0.06264400482177734,0.01758289337158203,1714422936.765984,1714422936.783567,0.03227710723876953,0.001110076904296875,0.005900859832763672,0.0013761520385742188,1.3113021850585938e-05,0.006293773651123047
1714422936.8290777,1714422936.907658,0.07858037948608398,0.016616344451904297,1714422936.8857727,1714422936.902389,0.03241729736328125,0.0010311603546142578,0.0071523189544677734,0.0015294551849365234,1.3828277587890625e-05,0.006073713302612305
1714422936.978969,1714422937.0443263,0.06535720825195312,0.01642632484436035,1714422937.0145082,1714422937.0309346,0.03660011291503906,0.0011289119720458984,0.011411905288696289,0.0012583732604980469,1.1205673217773438e-05,0.0063629150390625
1714422937.1115067,1714422937.1864533,0.07494664192199707,0.015247106552124023,1714422937.1641924,1714422937.1794395,0.03342580795288086,0.0011222362518310547,0.008858919143676758,0.000980377197265625,1.0013580322265625e-05,0.00720667839050293
1714422937.2339292,1714422937.301586,0.0676567554473877,0.014590024948120117,1714422937.2733006,1714422937.2878907,0.0324099063873291,0.0011637210845947266,0.00816488265991211,0.0016369819641113281,9.5367431640625e-06,0.006844282150268555
1714422937.3543108,1714422937.4373882,0.08307743072509766,0.015435218811035156,1714422937.4090905,1714422937.4245257,0.0339205265045166,0.001135110855102539,0.008913040161132812,0.0015342235565185547,1.239776611328125e-05,0.006889820098876953
1714422937.5426817,1714422937.6103013,0.06761956214904785,0.014281749725341797,1714422937.5906248,1714422937.6049066,0.033935546875,0.00101470947265625,0.00899505615234375,0.0013804435729980469,1.1920928955078125e-05,0.008251190185546875
1714422937.712761,1714422937.7748234,0.06206250190734863,0.014150142669677734,1714422937.754161,1714422937.768311,0.033441781997680664,0.0010044574737548828,0.009824752807617188,0.001077413558959961,8.821487426757812e-06,0.0073757171630859375
1714422937.8808641,1714422937.9483266,0.06746244430541992,0.014193534851074219,1714422937.9226665,1714422937.93686,0.033788204193115234,0.0010673999786376953,0.008851289749145508,0.0014035701751708984,9.775161743164062e-06,0.008262157440185547
1714422938.0437338,1714422938.097003,0.053269147872924805,0.01354527473449707,1714422938.078975,1714422938.0925202,0.03077864646911621,0.0011396408081054688,0.007992982864379883,0.0011553764343261719,8.821487426757812e-06,0.006936073303222656
1714422938.1743715,1714422938.265705,0.09133362770080566,0.014554262161254883,1714422938.2397838,1714422938.254338,0.03390216827392578,0.0010221004486083984,0.01083683967590332,0.0011379718780517578,1.049041748046875e-05,0.00634002685546875
1714422938.348727,1714422938.425362,0.07663512229919434,0.01806187629699707,1714422938.4031017,1714422938.4211636,0.03971529006958008,0.0010442733764648438,0.009142875671386719,0.0016283988952636719,2.2411346435546875e-05,0.009814739227294922
1714422938.489512,1714422938.5579917,0.06847977638244629,0.014473915100097656,1714422938.538508,1714422938.5529819,0.031154155731201172,0.0010256767272949219,0.008621454238891602,0.0008745193481445312,1.1682510375976562e-05,0.006146430969238281
1714422938.6237254,1714422938.685079,0.06135368347167969,0.013962984085083008,1714422938.6588542,1714422938.6728172,0.0325617790222168,0.001064300537109375,0.008398294448852539,0.0013027191162109375,1.0728836059570312e-05,0.007822275161743164
1714422938.7612016,1714422938.8336766,0.07247495651245117,0.014014482498168945,1714422938.807032,1714422938.8210466,0.031661272048950195,0.0010547637939453125,0.008062362670898438,0.0011761188507080078,1.0013580322265625e-05,0.00734257698059082
1714422938.8939981,1714422938.9573276,0.06332945823669434,0.014313697814941406,1714422938.9390814,1714422938.9533951,0.03281903266906738,0.0010395050048828125,0.00975656509399414,0.0010457038879394531,1.049041748046875e-05,0.0066525936126708984
1714422939.515782,1714422939.6005392,0.08475708961486816,0.01642632484436035,1714422939.5784304,1714422939.5948567,0.04254293441772461,0.0011103153228759766,0.01555943489074707,0.0013051033020019531,1.5974044799804688e-05,0.00812530517578125
1714422939.654309,1714422939.7322423,0.07793331146240234,0.015130043029785156,1714422939.7082045,1714422939.7233346,0.035958290100097656,0.001177072525024414,0.009675025939941406,0.0012886524200439453,1.0728836059570312e-05,0.00867605209350586
1714422939.784328,1714422939.8500016,0.0656735897064209,0.014233827590942383,1714422939.8309073,1714422939.8451412,0.031646013259887695,0.0011301040649414062,0.008203744888305664,0.0010344982147216797,9.775161743164062e-06,0.007033586502075195
1714422939.920729,1714422939.9887137,0.06798481941223145,0.01610112190246582,1714422939.9678812,1714422939.9839823,0.0337214469909668,0.0010445117950439453,0.008585453033447266,0.001720428466796875,1.2874603271484375e-05,0.006256580352783203
1714422940.0415468,1714422940.103764,0.06221723556518555,0.016513347625732422,1714422940.0797663,1714422940.0962796,0.03606128692626953,0.0011074542999267578,0.010729789733886719,0.0011131763458251953,1.0251998901367188e-05,0.006586790084838867
1714422940.1615555,1714422940.2349749,0.07341933250427246,0.015952348709106445,1714422940.2134743,1714422940.2294266,0.03213810920715332,0.0010886192321777344,0.007180929183959961,0.0011622905731201172,1.0013580322265625e-05,0.006743431091308594
1714422940.2839875,1714422940.3541484,0.0701608657836914,0.014380455017089844,1714422940.3342419,1714422940.3486223,0.03426170349121094,0.0009844303131103516,0.008419036865234375,0.0013582706451416016,1.1682510375976562e-05,0.009107112884521484
1714422940.4206054,1714422940.4933925,0.07278704643249512,0.013722658157348633,1714422940.4745266,1714422940.4882493,0.03131461143493652,0.0010371208190917969,0.00889134407043457,0.0009598731994628906,9.5367431640625e-06,0.006693601608276367
1714422940.560312,1714422940.6452005,0.08488845825195312,0.014211177825927734,1714422940.6124985,1714422940.6267097,0.032381534576416016,0.0010728836059570312,0.008874893188476562,0.0016529560089111328,1.3113021850585938e-05,0.006556272506713867
1714422940.695957,1714422940.778006,0.08204913139343262,0.01512598991394043,1714422940.7429447,1714422940.7580707,0.03603768348693848,0.0010175704956054688,0.010573625564575195,0.0013515949249267578,1.1682510375976562e-05,0.007956743240356445
1714422940.842312,1714422940.9237344,0.08142232894897461,0.019365787506103516,1714422940.8945732,1714422940.913939,0.03827214241027832,0.0011494159698486328,0.009038686752319336,0.0018475055694580078,2.3365020751953125e-05,0.00684666633605957
1714422941.013102,1714422941.0808449,0.06774282455444336,0.017899513244628906,1714422941.0548952,1714422941.0727947,0.03678536415100098,0.0009999275207519531,0.009819746017456055,0.0010542869567871094,1.1205673217773438e-05,0.006999969482421875
1714422941.1576898,1714422941.270001,0.11231112480163574,0.01586008071899414,1714422941.2487094,1714422941.2645695,0.03438544273376465,0.0011317729949951172,0.00895833969116211,0.0010538101196289062,1.049041748046875e-05,0.007370471954345703
1714422941.3199394,1714422941.3783245,0.05838513374328613,0.015342950820922852,1714422941.358835,1714422941.374178,0.03812050819396973,0.0010960102081298828,0.011382818222045898,0.0014758110046386719,1.2159347534179688e-05,0.008810043334960938
1714422941.4220097,1714422941.486433,0.0644233226776123,0.014789819717407227,1714422941.4674609,1714422941.4822507,0.03314089775085449,0.0011487007141113281,0.008610010147094727,0.0012176036834716797,1.0013580322265625e-05,0.0073642730712890625
1714422941.5389297,1714422941.6013243,0.06239461898803711,0.015518903732299805,1714422941.574936,1714422941.5904548,0.03818702697753906,0.001041412353515625,0.009610891342163086,0.0016298294067382812,1.1682510375976562e-05,0.010373830795288086
1714422941.6727285,1714422941.7380345,0.06530594825744629,0.015786170959472656,1714422941.7173274,1714422941.7331135,0.03644704818725586,0.0011484622955322266,0.008905649185180664,0.001287698745727539,1.0967254638671875e-05,0.009307622909545898
1714422941.816205,1714422941.880271,0.06406593322753906,0.01497507095336914,1714422941.861542,1714422941.876517,0.03590989112854004,0.0010879039764404297,0.012283086776733398,0.0012156963348388672,1.0251998901367188e-05,0.006337165832519531
1714422941.9427543,1714422941.99994,0.05718564987182617,0.01549530029296875,1714422941.9802022,1714422941.9956975,0.03484773635864258,0.0011322498321533203,0.00839543342590332,0.0012881755828857422,1.1205673217773438e-05,0.008524894714355469
1714422942.0446064,1714422942.101673,0.05706644058227539,0.014997243881225586,1714422942.0819156,1714422942.0969129,0.032591819763183594,0.0011188983917236328,0.008553504943847656,0.0009751319885253906,1.0013580322265625e-05,0.006936550140380859
1714422942.1755598,1714422942.263114,0.0875542163848877,0.020453691482543945,1714422942.2385228,1714422942.2589765,0.041144609451293945,0.0010974407196044922,0.011226892471313477,0.0018787384033203125,1.8358230590820312e-05,0.006468296051025391
1714422942.3204234,1714422942.385056,0.06463265419006348,0.016216754913330078,1714422942.362492,1714422942.3787088,0.034075260162353516,0.0011119842529296875,0.008422374725341797,0.001043558120727539,1.049041748046875e-05,0.007269620895385742
1714422942.4263115,1714422942.4917462,0.06543469429016113,0.0159451961517334,1714422942.471412,1714422942.4873571,0.033891916275024414,0.0010519027709960938,0.008329153060913086,0.0011730194091796875,1.0728836059570312e-05,0.007381439208984375
1714422942.554497,1714422942.6255357,0.07103872299194336,0.0148162841796875,1714422942.6072714,1714422942.6220877,0.032335519790649414,0.0010447502136230469,0.008562803268432617,0.0009996891021728516,9.5367431640625e-06,0.006902217864990234
1714422942.7181876,1714422942.7743967,0.05620908737182617,0.015577554702758789,1714422942.755012,1714422942.7705896,0.03394198417663574,0.0010657310485839844,0.009645223617553711,0.0010077953338623047,9.5367431640625e-06,0.0066356658935546875
1714422942.8286607,1714422942.8916569,0.06299614906311035,0.015831708908081055,1714422942.8708909,1714422942.8867226,0.0334169864654541,0.001024007797241211,0.008989810943603516,0.001270294189453125,1.0251998901367188e-05,0.0062906742095947266
1714422942.9911056,1714422943.0663173,0.07521176338195801,0.015516281127929688,1714422943.0464294,1714422943.0619457,0.03220343589782715,0.00107574462890625,0.008219242095947266,0.0009129047393798828,9.298324584960938e-06,0.0064697265625
1714422943.1554778,1714422943.250516,0.09503817558288574,0.014740943908691406,1714422943.2320127,1714422943.2467537,0.031533002853393555,0.0011012554168701172,0.007561206817626953,0.0016255378723144531,1.239776611328125e-05,0.006490945816040039
1714422943.3119187,1714422943.3733308,0.06141209602355957,0.014591455459594727,1714422943.352287,1714422943.3668785,0.031653642654418945,0.0010960102081298828,0.008300304412841797,0.0011527538299560547,1.0251998901367188e-05,0.006502389907836914
1714422943.4411085,1714422943.520802,0.07969355583190918,0.013920068740844727,1714422943.500249,1714422943.514169,0.03384661674499512,0.0010597705841064453,0.009161233901977539,0.0012118816375732422,1.049041748046875e-05,0.008482694625854492
1714422943.6188855,1714422943.6851919,0.06630635261535645,0.013921976089477539,1714422943.6669273,1714422943.6808493,0.0359652042388916,0.0010807514190673828,0.0113372802734375,0.0015063285827636719,1.1444091796875e-05,0.008106708526611328
1714422943.7270086,1714422943.8122873,0.08527874946594238,0.020772933959960938,1714422943.7877073,1714422943.8084803,0.04147791862487793,0.0010030269622802734,0.008866548538208008,0.0019295215606689453,1.9788742065429688e-05,0.00888514518737793
1714422943.8585014,1714422943.9262958,0.0677943229675293,0.022444725036621094,1714422943.8996606,1714422943.9221053,0.04195690155029297,0.0011146068572998047,0.008329629898071289,0.001425027847290039,1.049041748046875e-05,0.00863194465637207
1714422943.9777265,1714422944.039983,0.062256574630737305,0.01644420623779297,1714422944.018678,1714422944.0351222,0.036218881607055664,0.0011048316955566406,0.011351346969604492,0.0009527206420898438,9.059906005859375e-06,0.006356239318847656
1714422944.0832915,1714422944.1608589,0.07756733894348145,0.01778268814086914,1714422944.1381788,1714422944.1559615,0.03875088691711426,0.0010867118835449219,0.011797904968261719,0.0016906261444091797,1.4781951904296875e-05,0.006377458572387695
1714422944.2314944,1714422944.2942796,0.06278514862060547,0.015446186065673828,1714422944.2748358,1714422944.290282,0.036459922790527344,0.0009808540344238281,0.011048078536987305,0.0012743473052978516,1.0251998901367188e-05,0.007699728012084961
1714422944.3589082,1714422944.4293277,0.0704195499420166,0.017020702362060547,1714422944.4084284,1714422944.4254491,0.03432941436767578,0.001055002212524414,0.008330345153808594,0.0012412071228027344,1.1920928955078125e-05,0.006669759750366211
1714422944.4910698,1714422944.5616295,0.07055974006652832,0.020211219787597656,1714422944.535705,1714422944.5559163,0.039861202239990234,0.001064300537109375,0.00899052619934082,0.0013840198516845703,1.8596649169921875e-05,0.008191585540771484
1714422944.6122458,1714422944.6852765,0.07303071022033691,0.01637434959411621,1714422944.6634579,1714422944.6798322,0.035266876220703125,0.0010864734649658203,0.008476495742797852,0.0011241436004638672,1.049041748046875e-05,0.0081939697265625
1714422944.7519803,1714422944.8352559,0.08327555656433105,0.01644134521484375,1714422944.7997432,1714422944.8161845,0.03448605537414551,0.0010447502136230469,0.009118080139160156,0.0008962154388427734,9.5367431640625e-06,0.006975412368774414
1714422944.9237647,1714422944.9992378,0.07547307014465332,0.017303466796875,1714422944.9698038,1714422944.9871073,0.03390026092529297,0.0010612010955810547,0.00783848762512207,0.001374959945678711,1.3113021850585938e-05,0.006308317184448242
1714422945.0603817,1714422945.1469438,0.0865621566772461,0.02422952651977539,1714422945.1168313,1714422945.1410608,0.04128313064575195,0.0010993480682373047,0.008019685745239258,0.001430511474609375,9.775161743164062e-06,0.00649261474609375
1714422945.1937382,1714422945.2575967,0.0638585090637207,0.017105579376220703,1714422945.2349007,1714422945.2520063,0.033312082290649414,0.0010988712310791016,0.007621288299560547,0.0012328624725341797,1.1682510375976562e-05,0.0062406063079833984
1714422945.3025706,1714422945.3792226,0.07665205001831055,0.01666116714477539,1714422945.35845,1714422945.375111,0.037496328353881836,0.001065969467163086,0.010359048843383789,0.0011491775512695312,1.1444091796875e-05,0.008249044418334961
1714422945.4317946,1714422945.5072181,0.0754234790802002,0.015079021453857422,1714422945.4877665,1714422945.5028455,0.03490018844604492,0.0010273456573486328,0.011208295822143555,0.0011398792266845703,1.049041748046875e-05,0.00643467903137207
1714422945.5523555,1714422945.6424723,0.09011673927307129,0.014291048049926758,1714422945.6244586,1714422945.6387496,0.03253769874572754,0.0011560916900634766,0.009808063507080078,0.0009267330169677734,8.821487426757812e-06,0.006346225738525391
1714422945.6934855,1714422945.7592468,0.06576132774353027,0.015105247497558594,1714422945.7403913,1714422945.7554965,0.03411722183227539,0.0010440349578857422,0.008954286575317383,0.0011391639709472656,9.775161743164062e-06,0.007864236831665039
1714422945.8476212,1714422945.9313087,0.08368754386901855,0.01503443717956543,1714422945.9121554,1714422945.9271898,0.035520315170288086,0.001102447509765625,0.011805057525634766,0.0011568069458007812,9.775161743164062e-06,0.006411314010620117
1714422946.0247443,1714422946.109332,0.08458781242370605,0.014947891235351562,1714422946.0839024,1714422946.0988503,0.03875899314880371,0.0010750293731689453,0.014184951782226562,0.0013840198516845703,1.0728836059570312e-05,0.007155895233154297
1714422946.1495268,1714422946.2048702,0.0553433895111084,0.01584315299987793,1714422946.1843693,1714422946.2002125,0.03484082221984863,0.0010197162628173828,0.009908676147460938,0.0010418891906738281,9.5367431640625e-06,0.007017374038696289
1714422946.261629,1714422946.3555415,0.09391236305236816,0.01748204231262207,1714422946.3303144,1714422946.3477964,0.04077887535095215,0.0011072158813476562,0.013632774353027344,0.001134634017944336,9.5367431640625e-06,0.0074121952056884766
1714422946.4401474,1714422946.5125072,0.07235980033874512,0.014786958694458008,1714422946.4917588,1714422946.5065458,0.03459358215332031,0.0015110969543457031,0.010224580764770508,0.0011796951293945312,1.0013580322265625e-05,0.006880998611450195
1714422946.5623047,1714422946.6523101,0.09000539779663086,0.014013290405273438,1714422946.6315818,1714422946.645595,0.03426074981689453,0.0010309219360351562,0.010509729385375977,0.0013477802276611328,1.1205673217773438e-05,0.0073473453521728516
1714422946.7161727,1714422946.824055,0.10788226127624512,0.014822006225585938,1714422946.7984524,1714422946.8132744,0.034327030181884766,0.0008780956268310547,0.010050058364868164,0.0011444091796875,1.1682510375976562e-05,0.00742030143737793
1714422946.913338,1714422946.9882638,0.07492589950561523,0.015041351318359375,1714422946.9670594,1714422946.9821007,0.035651445388793945,0.0009603500366210938,0.010260343551635742,0.0013670921325683594,1.1920928955078125e-05,0.008009910583496094
1714422947.0413928,1714422947.1043463,0.06295347213745117,0.01551198959350586,1714422947.0835092,1714422947.0990212,0.03978228569030762,0.001096487045288086,0.01536870002746582,0.0016226768493652344,1.3589859008789062e-05,0.0061681270599365234
1714422947.1624134,1714422947.2496479,0.0872344970703125,0.0205841064453125,1714422947.224966,1714422947.2455502,0.046624183654785156,0.001138925552368164,0.017337322235107422,0.0012357234954833984,1.1205673217773438e-05,0.006316423416137695
1714422947.3121226,1714422947.373655,0.06153249740600586,0.015053272247314453,1714422947.3547413,1714422947.3697946,0.03672528266906738,0.0010311603546142578,0.012367010116577148,0.0010635852813720703,9.5367431640625e-06,0.0072002410888671875
1714422947.419317,1714422947.4900596,0.07074260711669922,0.014776229858398438,1714422947.470744,1714422947.4855201,0.036385536193847656,0.0010528564453125,0.011115789413452148,0.0013051033020019531,1.0251998901367188e-05,0.008124589920043945
1714422947.5557318,1714422947.6200535,0.06432175636291504,0.014400243759155273,1714422947.5994503,1714422947.6138506,0.03544306755065918,0.0010023117065429688,0.012544631958007812,0.0011069774627685547,9.775161743164062e-06,0.006378650665283203
1714422947.6724107,1714422947.728638,0.05622720718383789,0.014793872833251953,1714422947.7095244,1714422947.7243183,0.03368115425109863,0.0010309219360351562,0.010594367980957031,0.001195669174194336,9.775161743164062e-06,0.006056070327758789
1714422947.7815049,1714422947.8464456,0.0649406909942627,0.014245748519897461,1714422947.8283224,1714422947.8425682,0.033135414123535156,0.0010700225830078125,0.010782003402709961,0.0011310577392578125,9.5367431640625e-06,0.005896329879760742
1714422947.9251213,1714422948.0113907,0.08626937866210938,0.014645099639892578,1714422947.982714,1714422947.997359,0.03430366516113281,0.001012563705444336,0.010704755783081055,0.0011072158813476562,9.5367431640625e-06,0.006823539733886719
1714422948.064785,1714422948.1404064,0.07562136650085449,0.014713525772094727,1714422948.1155517,1714422948.1302652,0.035776376724243164,0.0010890960693359375,0.011623144149780273,0.0011913776397705078,1.0013580322265625e-05,0.0071485042572021484
1714422948.1905704,1714422948.270551,0.07998061180114746,0.01427912712097168,1714422948.2473528,1714422948.261632,0.035500526428222656,0.0010066032409667969,0.012830257415771484,0.0010368824005126953,9.775161743164062e-06,0.006337165832519531
1714422948.3210764,1714422948.3945055,0.07342910766601562,0.014310836791992188,1714422948.3760333,1714422948.3903441,0.04506325721740723,0.0010268688201904297,0.01988697052001953,0.0015583038330078125,1.1682510375976562e-05,0.008268117904663086
1714422948.4365711,1714422948.5206904,0.08411931991577148,0.014111042022705078,1714422948.5022802,1714422948.5163913,0.03342723846435547,0.0010302066802978516,0.009956121444702148,0.0010199546813964844,9.298324584960938e-06,0.007299661636352539
1714422948.5817227,1714422948.657503,0.07578015327453613,0.01385498046875,1714422948.6365767,1714422948.6504316,0.033864736557006836,0.0010540485382080078,0.009472846984863281,0.0011680126190185547,1.049041748046875e-05,0.008303642272949219
1714422948.7121546,1714422948.7836523,0.07149767875671387,0.013678550720214844,1714422948.7661226,1714422948.7798011,0.03307676315307617,0.0010726451873779297,0.00861358642578125,0.0012934207916259766,1.1682510375976562e-05,0.008406400680541992
1714422948.8684282,1714422948.9457068,0.07727861404418945,0.013935565948486328,1714422948.9206696,1714422948.9346051,0.03330492973327637,0.0010807514190673828,0.010439872741699219,0.0009768009185791016,2.3365020751953125e-05,0.006847858428955078
1714422948.9960506,1714422949.0643687,0.06831812858581543,0.013832330703735352,1714422949.0467541,1714422949.0605865,0.031798601150512695,0.0011055469512939453,0.009482622146606445,0.0009729862213134766,8.821487426757812e-06,0.006395816802978516
1714422949.142064,1714422949.206536,0.06447196006774902,0.015055418014526367,1714422949.1855102,1714422949.2005656,0.03904366493225098,0.0010995864868164062,0.015012502670288086,0.001241922378540039,1.0251998901367188e-05,0.006623506546020508
1714422949.273046,1714422949.343446,0.07039999961853027,0.014791250228881836,1714422949.3239675,1714422949.3387587,0.0363926887512207,0.0010230541229248047,0.012823343276977539,0.0011243820190429688,1.049041748046875e-05,0.006619691848754883
1714422949.4075198,1714422949.4874644,0.07994461059570312,0.014547348022460938,1714422949.4667063,1714422949.4812536,0.034763336181640625,0.0009951591491699219,0.010764598846435547,0.0010559558868408203,1.0251998901367188e-05,0.007389545440673828
1714422949.527547,1714422949.5904553,0.06290841102600098,0.014763832092285156,1714422949.5660534,1714422949.5808172,0.03386425971984863,0.0010900497436523438,0.009563207626342773,0.0010638236999511719,9.775161743164062e-06,0.007372856140136719
1714422949.6594975,1714422949.7338037,0.07430624961853027,0.014471769332885742,1714422949.7118237,1714422949.7262955,0.03834700584411621,0.0010900497436523438,0.013984203338623047,0.0014526844024658203,1.1444091796875e-05,0.00733637809753418
1714422949.8067327,1714422949.860254,0.05352139472961426,0.014266014099121094,1714422949.8420343,1714422949.8563004,0.03411722183227539,0.0011417865753173828,0.010286331176757812,0.001054525375366211,9.5367431640625e-06,0.007358551025390625
1714422949.9212587,1714422950.020832,0.09957337379455566,0.015476226806640625,1714422949.9945192,1714422950.0099955,0.05466055870056152,0.0010013580322265625,0.028824806213378906,0.0012412071228027344,1.0728836059570312e-05,0.008105754852294922
1714422950.0767984,1714422950.1479127,0.07111430168151855,0.014701604843139648,1714422950.124273,1714422950.1389747,0.03660154342651367,0.0010290145874023438,0.013525724411010742,0.0010633468627929688,9.5367431640625e-06,0.0062716007232666016
1714422950.2407005,1714422950.3255715,0.08487105369567871,0.014438390731811523,1714422950.307089,1714422950.3215275,0.03531765937805176,0.0010762214660644531,0.01050424575805664,0.0013437271118164062,1.1444091796875e-05,0.007942676544189453
1714422950.4349566,1714422950.5303986,0.09544205665588379,0.014059066772460938,1714422950.507722,1714422950.521781,0.034134626388549805,0.0010890960693359375,0.010660648345947266,0.0013248920440673828,1.0967254638671875e-05,0.006989717483520508
1714422950.6464903,1714422950.7417982,0.09530782699584961,0.01335287094116211,1714422950.7178996,1714422950.7312524,0.033712148666381836,0.0011870861053466797,0.010647773742675781,0.0010945796966552734,9.775161743164062e-06,0.007419586181640625
1714422950.7957947,1714422950.8625715,0.06677675247192383,0.013716697692871094,1714422950.8444862,1714422950.858203,0.03205060958862305,0.0011334419250488281,0.008882761001586914,0.0010328292846679688,9.775161743164062e-06,0.0072743892669677734
1714422950.9222367,1714422950.9870071,0.06477046012878418,0.014798402786254883,1714422950.968577,1714422950.9833753,0.041314125061035156,0.0010285377502441406,0.01666712760925293,0.0016248226165771484,1.239776611328125e-05,0.00718235969543457
1714422951.0367038,1714422951.1017308,0.06502699851989746,0.013460159301757812,1714422951.078476,1714422951.091936,0.03269696235656738,0.0009970664978027344,0.010279655456542969,0.0010669231414794922,9.5367431640625e-06,0.006883144378662109
1714422951.1550877,1714422951.2454216,0.09033393859863281,0.014943122863769531,1714422951.2264042,1714422951.2413473,0.03938484191894531,0.0011146068572998047,0.015839099884033203,0.0012559890747070312,1.0013580322265625e-05,0.0062215328216552734
1714422951.2905579,1714422951.3700025,0.07944464683532715,0.014563798904418945,1714422951.3468263,1714422951.36139,0.03682589530944824,0.0009839534759521484,0.011755228042602539,0.0014081001281738281,1.0967254638671875e-05,0.008103609085083008
1714422951.4422984,1714422951.5239582,0.08165979385375977,0.014051437377929688,1714422951.5039134,1714422951.5179648,0.03239178657531738,0.0009992122650146484,0.01021432876586914,0.001047372817993164,9.5367431640625e-06,0.0060694217681884766
1714422951.5910373,1714422951.6530004,0.06196308135986328,0.013400554656982422,1714422951.634685,1714422951.6480856,0.035372018814086914,0.0010454654693603516,0.01212310791015625,0.001249074935913086,1.0251998901367188e-05,0.007543087005615234
1714422951.7104015,1714422951.7926316,0.0822300910949707,0.013947010040283203,1714422951.76547,1714422951.779417,0.03274178504943848,0.0011053085327148438,0.009645938873291016,0.0009343624114990234,9.059906005859375e-06,0.00709986686706543
1714422951.8799427,1714422951.942172,0.06222939491271973,0.013844966888427734,1714422951.9178376,1714422951.9316826,0.034087419509887695,0.0011246204376220703,0.010632991790771484,0.00109100341796875,1.0013580322265625e-05,0.007383584976196289
1714422952.0196683,1714422952.0937457,0.07407736778259277,0.014304399490356445,1714422952.075332,1714422952.0896363,0.03491401672363281,0.0010797977447509766,0.01070713996887207,0.0013928413391113281,1.0967254638671875e-05,0.007418394088745117
1714422952.1606784,1714422952.2351997,0.07452130317687988,0.014774322509765625,1714422952.2151113,1714422952.2298856,0.03578329086303711,0.0009822845458984375,0.011160612106323242,0.001379251480102539,1.1205673217773438e-05,0.007475137710571289
1714422952.3186014,1714422952.4902,0.1715986728668213,0.0156400203704834,1714422952.4710693,1714422952.4867094,0.13448572158813477,0.0011019706726074219,0.10605263710021973,0.0014564990997314453,1.2636184692382812e-05,0.010221481323242188
1714422952.54415,1714422952.6142256,0.07007551193237305,0.015106439590454102,1714422952.5908766,1714422952.605983,0.03438568115234375,0.0009992122650146484,0.010591268539428711,0.0010170936584472656,9.298324584960938e-06,0.006661891937255859
1714422952.6822767,1714422952.757352,0.07507538795471191,0.01806163787841797,1714422952.7336648,1714422952.7517264,0.03538656234741211,0.001039743423461914,0.008420467376708984,0.0013816356658935547,1.3828277587890625e-05,0.006468534469604492
1714422952.8158796,1714422952.8875196,0.0716400146484375,0.01592540740966797,1714422952.86743,1714422952.8833554,0.03349161148071289,0.0010578632354736328,0.008453845977783203,0.0010690689086914062,1.0013580322265625e-05,0.006974220275878906
1714422952.9323542,1714422953.007295,0.07494068145751953,0.015872478485107422,1714422952.9855368,1714422953.0014093,0.040697574615478516,0.0010657310485839844,0.01599407196044922,0.0012526512145996094,1.1920928955078125e-05,0.006499528884887695
1714422953.0761154,1714422953.1606371,0.08452177047729492,0.018611907958984375,1714422953.1371882,1714422953.1558,0.038910627365112305,0.0012428760528564453,0.009983062744140625,0.0010221004486083984,1.0967254638671875e-05,0.008037805557250977
1714422953.2116685,1714422953.303279,0.09161043167114258,0.01594853401184082,1714422953.2777941,1714422953.2937427,0.044144630432128906,0.0011208057403564453,0.01717376708984375,0.0011386871337890625,1.1444091796875e-05,0.00875091552734375
1714422953.3772638,1714422953.4458454,0.06858158111572266,0.016314983367919922,1714422953.4228983,1714422953.4392133,0.03388166427612305,0.0010328292846679688,0.008529424667358398,0.001020669937133789,9.775161743164062e-06,0.0069730281829833984
1714422953.5281868,1714422953.5971696,0.06898283958435059,0.016309022903442383,1714422953.5757675,1714422953.5920765,0.03412652015686035,0.0010581016540527344,0.008788108825683594,0.0010418891906738281,1.0967254638671875e-05,0.006917476654052734
1714422953.660887,1714422953.7293694,0.0684823989868164,0.016712188720703125,1714422953.7085886,1714422953.7253008,0.034690141677856445,0.0010406970977783203,0.008906126022338867,0.0010378360748291016,1.0251998901367188e-05,0.006982088088989258
1714422953.819923,1714422953.9091895,0.08926653861999512,0.014929533004760742,1714422953.8775861,1714422953.8925157,0.034150123596191406,0.0011136531829833984,0.009882926940917969,0.001003265380859375,1.0251998901367188e-05,0.00720977783203125
1714422953.9750345,1714422954.0513544,0.07631993293762207,0.014409065246582031,1714422954.027068,1714422954.041477,0.032169342041015625,0.001013040542602539,0.009522676467895508,0.0009768009185791016,9.059906005859375e-06,0.00623774528503418
1714422954.1384773,1714422954.2050056,0.0665283203125,0.015049457550048828,1714422954.1831136,1714422954.198163,0.03436732292175293,0.0011262893676757812,0.010271310806274414,0.0010762214660644531,1.0013580322265625e-05,0.006833553314208984
1714422954.2770028,1714422954.3530705,0.07606768608093262,0.01902461051940918,1714422954.3242269,1714422954.3432515,0.04574275016784668,0.0010194778442382812,0.016252517700195312,0.0016622543334960938,2.6226043701171875e-05,0.0077571868896484375
1714422954.458265,1714422954.5386388,0.08037376403808594,0.016949892044067383,1714422954.517795,1714422954.534745,0.03918647766113281,0.001131296157836914,0.013598203659057617,0.0011107921600341797,1.4543533325195312e-05,0.00638127326965332
1714422954.645893,1714422954.7202814,0.07438826560974121,0.015872955322265625,1714422954.6988919,1714422954.7147648,0.03357338905334473,0.0009851455688476562,0.009341239929199219,0.0010459423065185547,1.0251998901367188e-05,0.0063173770904541016
1714422954.803543,1714422954.8594077,0.055864572525024414,0.01502847671508789,1714422954.838954,1714422954.8539824,0.03453803062438965,0.0010333061218261719,0.010707616806030273,0.0010826587677001953,9.775161743164062e-06,0.00667572021484375
1714422954.915222,1714422954.989125,0.07390308380126953,0.01576852798461914,1714422954.9621518,1714422954.9779203,0.03807640075683594,0.001004934310913086,0.01056051254272461,0.0013649463653564453,1.2636184692382812e-05,0.00936436653137207
1714422955.0606759,1714422955.1398847,0.0792088508605957,0.01452493667602539,1714422955.1103463,1714422955.1248713,0.033853769302368164,0.0009925365447998047,0.010266542434692383,0.0010602474212646484,1.049041748046875e-05,0.006998538970947266
1714422955.2105832,1714422955.2757237,0.0651404857635498,0.015048980712890625,1714422955.2506614,1714422955.2657104,0.03419613838195801,0.0009868144989013672,0.009456157684326172,0.0011332035064697266,1.1682510375976562e-05,0.0075588226318359375
1714422955.3447115,1714422955.4083085,0.06359696388244629,0.014683008193969727,1714422955.3799002,1714422955.3945832,0.03262972831726074,0.0011069774627685547,0.009499311447143555,0.0010612010955810547,9.775161743164062e-06,0.006268978118896484
1714422955.4772923,1714422955.5407643,0.06347203254699707,0.014096498489379883,1714422955.519044,1714422955.5331404,0.03347373008728027,0.0009822845458984375,0.010629892349243164,0.0010597705841064453,9.775161743164062e-06,0.0066950321197509766
1714422955.5915592,1714422955.6528563,0.06129717826843262,0.014728069305419922,1714422955.6323905,1714422955.6471186,0.033179283142089844,0.0009992122650146484,0.010097026824951172,0.0011584758758544922,1.049041748046875e-05,0.0061855316162109375
1714422955.7231436,1714422955.7813835,0.05823993682861328,0.014268159866333008,1714422955.7628694,1714422955.7771375,0.032706260681152344,0.0010349750518798828,0.009515762329101562,0.0010578632354736328,9.775161743164062e-06,0.006819248199462891
1714422955.8398693,1714422955.8986127,0.05874347686767578,0.013958215713500977,1714422955.8785872,1714422955.8925455,0.036627769470214844,0.0010943412780761719,0.011019706726074219,0.0013370513916015625,1.1205673217773438e-05,0.009206295013427734
1714422955.9651756,1714422956.0502534,0.08507776260375977,0.013994216918945312,1714422956.0205312,1714422956.0345254,0.03484082221984863,0.0010743141174316406,0.012931585311889648,0.0010628700256347656,9.298324584960938e-06,0.0057680606842041016
1714422956.1125102,1714422956.1820018,0.06949162483215332,0.01379537582397461,1714422956.1642847,1714422956.17808,0.03674435615539551,0.0010085105895996094,0.014106512069702148,0.0011985301971435547,1.0013580322265625e-05,0.006624937057495117
1714422956.2159586,1714422956.2843986,0.06843996047973633,0.015663862228393555,1714422956.262813,1714422956.278477,0.03870654106140137,0.0010845661163330078,0.014305591583251953,0.0011186599731445312,9.775161743164062e-06,0.0065233707427978516
1714422956.3533523,1714422956.4279993,0.0746469497680664,0.014710664749145508,1714422956.406748,1714422956.4214587,0.034676313400268555,0.0010159015655517578,0.010879039764404297,0.0011229515075683594,9.059906005859375e-06,0.00693821907043457
1714422956.4842782,1714422956.55097,0.06669187545776367,0.014926910400390625,1714422956.5319018,1714422956.5468287,0.033940792083740234,0.0011146068572998047,0.010432958602905273,0.0011203289031982422,9.298324584960938e-06,0.0063359737396240234
1714422956.6093922,1714422956.686105,0.07671284675598145,0.01524209976196289,1714422956.6623302,1714422956.6775723,0.04453325271606445,0.0010573863983154297,0.017687320709228516,0.0013854503631591797,1.0967254638671875e-05,0.00914907455444336
1714422956.7337055,1714422956.853056,0.11935043334960938,0.015912532806396484,1714422956.8315475,1714422956.84746,0.038397789001464844,0.001087188720703125,0.012720823287963867,0.0012946128845214844,1.239776611328125e-05,0.007369518280029297
1714422956.9191604,1714422956.9755065,0.05634617805480957,0.014135360717773438,1714422956.9553633,1714422956.9694986,0.031830787658691406,0.0010495185852050781,0.008909940719604492,0.0009655952453613281,9.5367431640625e-06,0.006760120391845703
1714422957.0321803,1714422957.106385,0.07420468330383301,0.015478372573852539,1714422957.0873518,1714422957.1028302,0.03980302810668945,0.0010368824005126953,0.015197038650512695,0.0011866092681884766,1.1444091796875e-05,0.006892204284667969
1714422957.1604457,1714422957.2680507,0.10760498046875,0.014567375183105469,1714422957.244904,1714422957.2594714,0.040834665298461914,0.0011594295501708984,0.016550302505493164,0.00110626220703125,1.0251998901367188e-05,0.0074405670166015625
1714422957.3451316,1714422957.4146054,0.0694737434387207,0.014679431915283203,1714422957.3960235,1714422957.410703,0.03583335876464844,0.001010894775390625,0.01137685775756836,0.0014452934265136719,1.1682510375976562e-05,0.0073087215423583984
1714422957.4805646,1714422957.5572813,0.07671666145324707,0.014883756637573242,1714422957.5360272,1714422957.550911,0.03423786163330078,0.0010609626770019531,0.01014089584350586,0.0012135505676269531,1.0251998901367188e-05,0.0069277286529541016
1714422957.6322784,1714422957.693879,0.061600446701049805,0.015320777893066406,1714422957.6741104,1714422957.6894312,0.03636598587036133,0.00107574462890625,0.010900020599365234,0.001150369644165039,1.0013580322265625e-05,0.007908344268798828
1714422957.7652318,1714422957.8722079,0.10697603225708008,0.018401145935058594,1714422957.8483636,1714422957.8667648,0.03889155387878418,0.0011203289031982422,0.010280132293701172,0.001615285873413086,2.1457672119140625e-05,0.007452487945556641
1714422957.9345145,1714422958.0127645,0.07824993133544922,0.016219615936279297,1714422957.9875636,1714422958.0037832,0.03583884239196777,0.0010724067687988281,0.009857177734375,0.0011944770812988281,1.1205673217773438e-05,0.007483243942260742
1714422958.0620012,1714422958.1383095,0.0763082504272461,0.015978097915649414,1714422958.1183448,1714422958.134323,0.037459611892700195,0.0009832382202148438,0.011063814163208008,0.0012362003326416016,1.4543533325195312e-05,0.008183002471923828
1714422958.2050498,1714422958.2854984,0.08044862747192383,0.015017032623291016,1714422958.2588546,1714422958.2738717,0.04379773139953613,0.0010848045349121094,0.018474817276000977,0.0013518333435058594,1.049041748046875e-05,0.007858037948608398
1714422958.395224,1714422958.4838524,0.08862829208374023,0.01481938362121582,1714422958.4645414,1714422958.4793608,0.03562045097351074,0.0011260509490966797,0.011947393417358398,0.0013501644134521484,1.1444091796875e-05,0.006365060806274414
1714422958.5482483,1714422958.6167364,0.06848812103271484,0.01582169532775879,1714422958.594461,1714422958.6102827,0.037126779556274414,0.0010280609130859375,0.01048898696899414,0.0012407302856445312,1.1205673217773438e-05,0.008535385131835938
1714422958.7156308,1714422958.8086784,0.0930476188659668,0.01514744758605957,1714422958.7823176,1714422958.797465,0.03386116027832031,0.0011146068572998047,0.009714603424072266,0.000982046127319336,9.775161743164062e-06,0.006891965866088867
1714422958.8637455,1714422958.9520557,0.08831024169921875,0.015792131423950195,1714422958.9312766,1714422958.9470687,0.037621259689331055,0.0011196136474609375,0.013224601745605469,0.0010476112365722656,9.775161743164062e-06,0.006426811218261719
1714422959.0182476,1714422959.0719109,0.05366325378417969,0.01585674285888672,1714422959.0519154,1714422959.0677722,0.03436636924743652,0.0011456012725830078,0.010249614715576172,0.0009889602661132812,1.049041748046875e-05,0.006114006042480469
1714422959.1338878,1714422959.2185636,0.08467578887939453,0.015453815460205078,1714422959.1882575,1714422959.2037113,0.034435272216796875,0.0010852813720703125,0.009516716003417969,0.0010457038879394531,1.0251998901367188e-05,0.007322788238525391
1714422959.277893,1714422959.370551,0.09265804290771484,0.017248868942260742,1714422959.3479383,1714422959.3651872,0.03917527198791504,0.0011043548583984375,0.009849071502685547,0.0018608570098876953,1.811981201171875e-05,0.009093046188354492
1714422959.4430766,1714422959.5123281,0.06925153732299805,0.015920162200927734,1714422959.4923494,1714422959.5082695,0.033843994140625,0.00106048583984375,0.009520769119262695,0.0010979175567626953,1.0251998901367188e-05,0.0062334537506103516
1714422959.5804791,1714422959.6538613,0.07338213920593262,0.014309406280517578,1714422959.6268022,1714422959.6411116,0.035941362380981445,0.0010743141174316406,0.010758399963378906,0.0014197826385498047,1.0967254638671875e-05,0.008367776870727539
1714422959.7249403,1714422959.7912648,0.06632447242736816,0.014535903930664062,1714422959.77091,1714422959.785446,0.035186052322387695,0.0010161399841308594,0.01040029525756836,0.0013184547424316406,1.049041748046875e-05,0.007904052734375
1714422959.8506901,1714422959.9214036,0.07071352005004883,0.01674032211303711,1714422959.8982902,1714422959.9150305,0.03598809242248535,0.0009627342224121094,0.010297775268554688,0.001020669937133789,9.059906005859375e-06,0.006956815719604492
1714422959.9884093,1714422960.0497057,0.06129646301269531,0.015024185180664062,1714422960.0310466,1714422960.0460708,0.03495192527770996,0.001096963882446289,0.009571313858032227,0.0012140274047851562,1.0967254638671875e-05,0.00803375244140625
1714422960.1219482,1714422960.195773,0.07382464408874512,0.01576375961303711,1714422960.1700373,1714422960.185801,0.03348588943481445,0.001117706298828125,0.009027957916259766,0.0011456012725830078,1.0728836059570312e-05,0.006419658660888672
1714422960.2515178,1714422960.3217225,0.0702047348022461,0.01438140869140625,1714422960.3035707,1714422960.3179522,0.03379535675048828,0.0010366439819335938,0.01080012321472168,0.0011439323425292969,9.775161743164062e-06,0.006422758102416992
1714422960.391613,1714422960.4660988,0.07448577880859375,0.014287948608398438,1714422960.447594,1714422960.4618819,0.03591012954711914,0.0010919570922851562,0.010920524597167969,0.0013911724090576172,1.1444091796875e-05,0.008206844329833984
1714422960.535171,1714422960.596491,0.06132006645202637,0.014997720718383789,1714422960.5748057,1714422960.5898035,0.03630518913269043,0.0009868144989013672,0.011166810989379883,0.0012230873107910156,1.1205673217773438e-05,0.0079193115234375
1714422960.676,1714422960.7278914,0.051891326904296875,0.015463829040527344,1714422960.7084692,1714422960.723933,0.034407615661621094,0.0010144710540771484,0.011035919189453125,0.0010395050048828125,9.059906005859375e-06,0.0058443546295166016
1714422960.7916965,1714422960.8606825,0.0689859390258789,0.015589237213134766,1714422960.84039,1714422960.8559792,0.034796953201293945,0.0009860992431640625,0.01079106330871582,0.0012974739074707031,1.0728836059570312e-05,0.006122112274169922
1714422960.9162817,1714422960.982471,0.06618928909301758,0.014847040176391602,1714422960.9631534,1714422960.9780004,0.036887168884277344,0.0010378360748291016,0.010812044143676758,0.0015420913696289062,1.1682510375976562e-05,0.008635997772216797
1714422961.0505247,1714422961.123032,0.07250738143920898,0.016531944274902344,1714422961.1023705,1714422961.1189024,0.038225650787353516,0.0010173320770263672,0.009738445281982422,0.0012829303741455078,1.0967254638671875e-05,0.0096435546875
1714422961.1702828,1714422961.237823,0.06754016876220703,0.01885056495666504,1714422961.206221,1714422961.2250717,0.03668212890625,0.0010952949523925781,0.009095907211303711,0.0015742778778076172,1.9788742065429688e-05,0.006045341491699219
1714422961.2969427,1714422961.3749666,0.07802391052246094,0.016443729400634766,1714422961.353004,1714422961.3694477,0.034288644790649414,0.0011055469512939453,0.0087127685546875,0.0010259151458740234,1.1682510375976562e-05,0.0069882869720458984
1714422961.4438114,1714422961.5022595,0.058448076248168945,0.01588606834411621,1714422961.4818232,1714422961.4977093,0.034619808197021484,0.0010623931884765625,0.009697675704956055,0.0010223388671875,1.0251998901367188e-05,0.006940364837646484
1714422961.57082,1714422961.6242275,0.05340743064880371,0.01771092414855957,1714422961.6023712,1714422961.6200821,0.035625457763671875,0.0011086463928222656,0.0076100826263427734,0.0010612010955810547,1.4543533325195312e-05,0.008119344711303711
1714422961.6564765,1714422961.7463927,0.08991622924804688,0.017603397369384766,1714422961.717917,1714422961.7355204,0.035375356674194336,0.0009586811065673828,0.008754491806030273,0.0008907318115234375,1.2636184692382812e-05,0.007154226303100586
1714422961.7915728,1714422961.863051,0.07147812843322754,0.015995264053344727,1714422961.8425398,1714422961.858535,0.03364062309265137,0.0010676383972167969,0.00798344612121582,0.001087188720703125,1.0728836059570312e-05,0.007495403289794922
1714422961.9379125,1714422962.0025282,0.06461572647094727,0.017920732498168945,1714422961.970443,1714422961.9883637,0.03593134880065918,0.0010669231414794922,0.009187698364257812,0.0009026527404785156,1.1444091796875e-05,0.006840944290161133
1714422962.059226,1714422962.131319,0.07209300994873047,0.01681685447692871,1714422962.1081839,1714422962.1250007,0.03392982482910156,0.0011019706726074219,0.008870363235473633,0.0009148120880126953,9.775161743164062e-06,0.006215333938598633
1714422962.1818259,1714422962.251965,0.07013916969299316,0.014668464660644531,1714422962.2258375,1714422962.240506,0.03387761116027832,0.0011546611785888672,0.009887933731079102,0.0010035037994384766,1.0251998901367188e-05,0.007152080535888672
1714422962.3450043,1714422962.4212952,0.07629084587097168,0.016772031784057617,1714422962.3994524,1714422962.4162245,0.03878450393676758,0.0010547637939453125,0.010196447372436523,0.0015459060668945312,1.6450881958007812e-05,0.009198427200317383
1714422962.4932024,1714422962.5668497,0.07364726066589355,0.0162813663482666,1714422962.546846,1714422962.5631273,0.034357309341430664,0.0010988712310791016,0.009315967559814453,0.001239776611328125,1.0967254638671875e-05,0.006409883499145508
1714422962.641127,1714422962.7056673,0.06454014778137207,0.013988733291625977,1714422962.6872523,1714422962.701241,0.032546281814575195,0.0010035037994384766,0.010066032409667969,0.001081228256225586,9.5367431640625e-06,0.0063970088958740234
1714422962.77406,1714422962.847321,0.07326102256774902,0.016022920608520508,1714422962.827387,1714422962.84341,0.03460049629211426,0.0010137557983398438,0.010099649429321289,0.0010259151458740234,1.0013580322265625e-05,0.006427764892578125
1714422962.96535,1714422963.0466223,0.08127236366271973,0.016022443771362305,1714422963.0269072,1714422963.0429296,0.03814959526062012,0.0011043548583984375,0.012935876846313477,0.0011057853698730469,1.0967254638671875e-05,0.0069696903228759766
1714422963.125084,1714422963.2052407,0.08015680313110352,0.015079736709594727,1714422963.1866693,1714422963.201749,0.03765463829040527,0.00107574462890625,0.01220703125,0.001333475112915039,1.0728836059570312e-05,0.007946968078613281
1714422963.2562017,1714422963.3190591,0.06285738945007324,0.014050960540771484,1714422963.3008435,1714422963.3148944,0.036202192306518555,0.0011749267578125,0.010319709777832031,0.001359701156616211,1.0728836059570312e-05,0.009285449981689453
1714422963.412147,1714422963.473976,0.0618288516998291,0.015381097793579102,1714422963.4550016,1714422963.4703827,0.03671526908874512,0.001005411148071289,0.010538101196289062,0.0013756752014160156,1.2159347534179688e-05,0.008402347564697266
1714422963.5464087,1714422963.6304402,0.08403158187866211,0.013744831085205078,1714422963.6128266,1714422963.6265714,0.03293967247009277,0.0011763572692871094,0.009644746780395508,0.001055002212524414,9.298324584960938e-06,0.0073087215423583984
1714422963.7016335,1714422963.8106663,0.10903286933898926,0.015579938888549805,1714422963.777258,1714422963.7928379,0.04337024688720703,0.0011131763458251953,0.01610708236694336,0.0013010501861572266,1.1920928955078125e-05,0.009256362915039062
1714422963.861048,1714422963.9266624,0.06561446189880371,0.01427769660949707,1714422963.9067283,1714422963.921006,0.036492347717285156,0.0009813308715820312,0.012513160705566406,0.0011277198791503906,9.775161743164062e-06,0.0075817108154296875
1714422963.9916623,1714422964.070649,0.07898664474487305,0.014853954315185547,1714422964.0393653,1714422964.0542192,0.033709049224853516,0.001001119613647461,0.009485006332397461,0.0012273788452148438,1.0967254638671875e-05,0.007130146026611328
1714422964.1527867,1714422964.2265573,0.07377052307128906,0.016906261444091797,1714422964.1985044,1714422964.2154107,0.040048837661743164,0.0011353492736816406,0.011372089385986328,0.0013439655303955078,1.4781951904296875e-05,0.00927591323852539
1714422964.266607,1714422964.341625,0.07501792907714844,0.019419193267822266,1714422964.3161547,1714422964.335574,0.04260134696960449,0.0009851455688476562,0.013822317123413086,0.0012886524200439453,1.1682510375976562e-05,0.0070726871490478516
1714422964.5857403,1714422964.6596894,0.07394909858703613,0.017072200775146484,1714422964.6378238,1714422964.654896,0.0377039909362793,0.0010790824890136719,0.012435436248779297,0.001127004623413086,1.0967254638671875e-05,0.00597834587097168
1714422964.8205574,1714422964.8977334,0.07717609405517578,0.014798641204833984,1714422964.8792353,1714422964.894034,0.03571772575378418,0.0011050701141357422,0.01108860969543457,0.0012962818145751953,1.0728836059570312e-05,0.007417917251586914
1714422965.9311905,1714422966.0135658,0.08237528800964355,0.01650857925415039,1714422965.991951,1714422966.0084596,0.03614544868469238,0.001112222671508789,0.011366605758666992,0.0010650157928466797,1.1920928955078125e-05,0.006080150604248047
1714422966.0735507,1714422966.1364737,0.06292295455932617,0.015710115432739258,1714422966.11562,1714422966.13133,0.033760786056518555,0.0010199546813964844,0.01012873649597168,0.0009205341339111328,9.5367431640625e-06,0.005971193313598633
1714422966.2071784,1714422966.292233,0.08505463600158691,0.015151023864746094,1714422966.2667189,1714422966.28187,0.03615593910217285,0.0010845661163330078,0.009693145751953125,0.0012600421905517578,1.1682510375976562e-05,0.008954763412475586
1714422966.3536732,1714422966.4202693,0.06659603118896484,0.015386104583740234,1714422966.3964696,1714422966.4118557,0.03528547286987305,0.0010159015655517578,0.011987924575805664,0.001062631607055664,1.049041748046875e-05,0.005821704864501953
1714422966.4992583,1714422966.561324,0.06206560134887695,0.014949798583984375,1714422966.5427935,1714422966.5577433,0.03394031524658203,0.001047372817993164,0.009741783142089844,0.0010437965393066406,9.5367431640625e-06,0.007147312164306641
1714422966.6179833,1714422966.6955175,0.07753419876098633,0.015491724014282227,1714422966.6674674,1714422966.682959,0.03567194938659668,0.0009953975677490234,0.010832071304321289,0.0013225078582763672,1.1682510375976562e-05,0.007017850875854492
1714422966.7719038,1714422966.8438067,0.07190299034118652,0.018652677536010742,1714422966.819072,1714422966.8377247,0.04273343086242676,0.0013630390167236328,0.014537572860717773,0.0016050338745117188,1.9550323486328125e-05,0.006554841995239258
1714422966.9067502,1714422966.9724574,0.06570720672607422,0.016399383544921875,1714422966.95113,1714422966.9675293,0.03686332702636719,0.0010695457458496094,0.01161336898803711,0.0010557174682617188,1.2159347534179688e-05,0.006712198257446289
1714422967.041888,1714422967.1166284,0.07474040985107422,0.015438079833984375,1714422967.0949616,1714422967.1103997,0.034397125244140625,0.0009851455688476562,0.010370731353759766,0.0010504722595214844,1.0013580322265625e-05,0.006542205810546875
1714422967.1890204,1714422967.2543647,0.06534433364868164,0.016979217529296875,1714422967.2333145,1714422967.2502937,0.03662228584289551,0.0011439323425292969,0.010288000106811523,0.0014836788177490234,1.4543533325195312e-05,0.006712436676025391
1714422967.3228872,1714422967.4002285,0.07734131813049316,0.014902591705322266,1714422967.3760073,1714422967.39091,0.03387045860290527,0.0010690689086914062,0.010848283767700195,0.0010323524475097656,1.0013580322265625e-05,0.006007671356201172
1714422967.4641488,1714422967.5480006,0.08385181427001953,0.016571044921875,1714422967.5274832,1714422967.5440543,0.036676645278930664,0.001070261001586914,0.011473655700683594,0.0009860992431640625,1.1205673217773438e-05,0.006563663482666016
1714422967.609591,1714422967.6865056,0.07691454887390137,0.016320466995239258,1714422967.6661358,1714422967.6824563,0.037988901138305664,0.0009987354278564453,0.010061502456665039,0.0013189315795898438,1.1682510375976562e-05,0.009276866912841797
1714422967.7808216,1714422967.8768172,0.09599566459655762,0.015123128890991211,1714422967.8573272,1714422967.8724504,0.03551173210144043,0.0011661052703857422,0.010743141174316406,0.0011000633239746094,1.0251998901367188e-05,0.007368326187133789
1714422967.953911,1714422968.027117,0.07320594787597656,0.015406370162963867,1714422968.0066867,1714422968.022093,0.03369283676147461,0.0011057853698730469,0.009618997573852539,0.0011715888977050781,9.775161743164062e-06,0.006379604339599609
1714422968.0840585,1714422968.159216,0.07515740394592285,0.015124797821044922,1714422968.1405478,1714422968.1556726,0.03529524803161621,0.0009708404541015625,0.012145042419433594,0.0012745857238769531,1.0251998901367188e-05,0.005768775939941406
1714422968.2070947,1714422968.2858596,0.0787649154663086,0.015241146087646484,1714422968.2649777,1714422968.2802188,0.041754722595214844,0.0011262893676757812,0.016913890838623047,0.0017271041870117188,1.3589859008789062e-05,0.00673222541809082
1714422968.3423688,1714422968.4053602,0.06299138069152832,0.0156707763671875,1714422968.3829837,1714422968.3986545,0.0357966423034668,0.0010323524475097656,0.011509895324707031,0.0011854171752929688,1.0013580322265625e-05,0.0063877105712890625
1714422968.462158,1714422968.5284376,0.06627964973449707,0.016859054565429688,1714422968.5080051,1714422968.5248642,0.03404688835144043,0.0010650157928466797,0.008204460144042969,0.0012423992156982422,1.2159347534179688e-05,0.006663322448730469
1714422968.5833142,1714422968.6576552,0.0743410587310791,0.016016244888305664,1714422968.6379888,1714422968.654005,0.03585696220397949,0.0010442733764648438,0.010442018508911133,0.0010471343994140625,1.1205673217773438e-05,0.0072956085205078125
1714422968.7055025,1714422968.7709491,0.06544661521911621,0.016195058822631836,1714422968.7466805,1714422968.7628756,0.035134077072143555,0.0010721683502197266,0.010282516479492188,0.0012564659118652344,1.1444091796875e-05,0.006315708160400391
1714422968.8401988,1714422968.9035342,0.06333541870117188,0.015200376510620117,1714422968.8834622,1714422968.8986626,0.03494739532470703,0.001055002212524414,0.011771917343139648,0.0009517669677734375,8.344650268554688e-06,0.005959272384643555
1714422968.9731557,1714422969.0417306,0.06857490539550781,0.015424966812133789,1714422969.0184188,1714422969.0338438,0.045477867126464844,0.0010542869567871094,0.019646167755126953,0.0012776851654052734,1.049041748046875e-05,0.008063793182373047
1714422969.1128154,1714422969.1969643,0.08414888381958008,0.017875194549560547,1714422969.171338,1714422969.1892133,0.042478084564208984,0.0010738372802734375,0.012050390243530273,0.0017209053039550781,1.71661376953125e-05,0.009740114212036133
1714422969.2641277,1714422969.337181,0.07305335998535156,0.016236305236816406,1714422969.3138635,1714422969.3300998,0.04062652587890625,0.0008001327514648438,0.01643085479736328,0.001953125,1.8835067749023438e-05,0.005186796188354492
1714422969.4009242,1714422969.4742155,0.07329130172729492,0.015911579132080078,1714422969.4541917,1714422969.4701033,0.036071062088012695,0.0011010169982910156,0.009929180145263672,0.0011556148529052734,9.5367431640625e-06,0.007963180541992188
1714422969.5427783,1714422969.6201284,0.07735013961791992,0.017266273498535156,1714422969.5956204,1714422969.6128867,0.03647923469543457,0.0010323524475097656,0.010932445526123047,0.0010371208190917969,1.1682510375976562e-05,0.0061986446380615234
1714422969.6729698,1714422969.749761,0.07679128646850586,0.015607118606567383,1714422969.7223043,1714422969.7379115,0.03386688232421875,0.0009455680847167969,0.009719610214233398,0.0009012222290039062,1.0251998901367188e-05,0.006682395935058594
1714422969.792948,1714422969.8730354,0.08008742332458496,0.01602458953857422,1714422969.8501914,1714422969.866216,0.03302717208862305,0.0010211467742919922,0.00870203971862793,0.0008339881896972656,9.775161743164062e-06,0.006434917449951172
1714422969.9484603,1714422970.0273736,0.07891321182250977,0.016490697860717773,1714422970.0054936,1714422970.0219843,0.03441572189331055,0.0010457038879394531,0.009825706481933594,0.0009481906890869141,1.0728836059570312e-05,0.006094217300415039
1714422970.0974057,1714422970.1563253,0.058919668197631836,0.017843008041381836,1714422970.1319392,1714422970.1497822,0.03595376014709473,0.0011491775512695312,0.008970499038696289,0.0010364055633544922,1.1444091796875e-05,0.006942272186279297
1714422970.204641,1714422970.2785254,0.07388424873352051,0.016226768493652344,1714422970.241383,1714422970.2576098,0.03413748741149902,0.0011467933654785156,0.00941157341003418,0.0008261203765869141,9.059906005859375e-06,0.006516933441162109
1714422970.3405128,1714422970.4148633,0.07435059547424316,0.017124414443969727,1714422970.393865,1714422970.4109895,0.03602242469787598,0.0010678768157958984,0.010924339294433594,0.0008807182312011719,1.0967254638671875e-05,0.006013631820678711
1714422970.4550173,1714422970.5369465,0.08192920684814453,0.017031192779541016,1714422970.5077982,1714422970.5248294,0.036420345306396484,0.0010967254638671875,0.009155035018920898,0.0010657310485839844,1.1444091796875e-05,0.00805974006652832
1714422970.591962,1714422970.6650782,0.07311606407165527,0.01517486572265625,1714422970.6462648,1714422970.6614397,0.03568291664123535,0.0011217594146728516,0.01051783561706543,0.0010693073272705078,1.049041748046875e-05,0.007787942886352539
1714422970.714571,1714422970.7691088,0.05453777313232422,0.014647483825683594,1714422970.7508311,1714422970.7654786,0.0343327522277832,0.0010457038879394531,0.010691404342651367,0.0009815692901611328,1.0251998901367188e-05,0.006955623626708984
1714422970.799735,1714422970.8648856,0.06515049934387207,0.014292240142822266,1714422970.8469157,1714422970.861208,0.041459083557128906,0.0009679794311523438,0.017686128616333008,0.0012202262878417969,1.0967254638671875e-05,0.007280826568603516
1714422970.9085035,1714422970.9844134,0.07590985298156738,0.01471090316772461,1714422970.9658272,1714422970.9805381,0.035825252532958984,0.0011372566223144531,0.00948333740234375,0.0012583732604980469,1.1682510375976562e-05,0.009223222732543945
1714422971.0158174,1714422971.077509,0.0616915225982666,0.015298843383789062,1714422971.058506,1714422971.0738049,0.04071640968322754,0.0010361671447753906,0.01645517349243164,0.0014560222625732422,1.1682510375976562e-05,0.006457805633544922
1714422971.10513,1714422971.1553266,0.05019664764404297,0.014449834823608398,1714422971.137106,1714422971.1515558,0.03274369239807129,0.0011098384857177734,0.00858163833618164,0.0017855167388916016,8.821487426757812e-06,0.006806612014770508
1714422971.1803148,1714422971.23454,0.05422520637512207,0.015798568725585938,1714422971.2153413,1714422971.23114,0.03615570068359375,0.0010139942169189453,0.010299921035766602,0.0013308525085449219,1.1682510375976562e-05,0.007700204849243164
1714422971.2586868,1714422971.3086991,0.05001235008239746,0.014310121536254883,1714422971.2912228,1714422971.305533,0.03426384925842285,0.0009808540344238281,0.010390281677246094,0.0012204647064208984,1.0013580322265625e-05,0.00735163688659668
1714422971.3333905,1714422971.3860834,0.05269289016723633,0.01483917236328125,1714422971.3673499,1714422971.382189,0.03466367721557617,0.0009937286376953125,0.011012554168701172,0.0011296272277832031,1.0251998901367188e-05,0.006677865982055664
1714422971.4115944,1714422971.461751,0.050156593322753906,0.014891386032104492,1714422971.4433944,1714422971.4582858,0.03216099739074707,0.001071929931640625,0.008330106735229492,0.0009806156158447266,8.821487426757812e-06,0.0068776607513427734
1714422971.4908512,1714422971.5479016,0.057050466537475586,0.015424013137817383,1714422971.5252004,1714422971.5406244,0.03624749183654785,0.0010890960693359375,0.011315345764160156,0.0016429424285888672,1.2874603271484375e-05,0.006762504577636719
1714422971.5758824,1714422971.651541,0.07565855979919434,0.014925479888916016,1714422971.6314437,1714422971.6463692,0.04600882530212402,0.0009946823120117188,0.01962733268737793,0.001645803451538086,1.33514404296875e-05,0.008801460266113281
1714422971.6765604,1714422971.7512488,0.07468843460083008,0.015517711639404297,1714422971.7313166,1714422971.7468343,0.03375673294067383,0.001004934310913086,0.009989738464355469,0.0009827613830566406,8.58306884765625e-06,0.0062525272369384766
1714422971.7891805,1714422971.84383,0.05464959144592285,0.015372037887573242,1714422971.8247173,1714422971.8400893,0.03664684295654297,0.001003265380859375,0.012494325637817383,0.0013566017150878906,1.4781951904296875e-05,0.0064051151275634766
1714422971.8717349,1714422971.9263563,0.05462145805358887,0.018146038055419922,1714422971.9048142,1714422971.9229603,0.038680076599121094,0.001157999038696289,0.010400533676147461,0.000978231430053711,9.775161743164062e-06,0.007986783981323242
1714422971.9502523,1714422972.0097203,0.05946803092956543,0.01456451416015625,1714422971.99169,1714422972.0062544,0.04185676574707031,0.0010166168212890625,0.016347169876098633,0.0016160011291503906,1.3113021850585938e-05,0.008298873901367188
1714422972.035393,1714422972.0943935,0.059000492095947266,0.01427006721496582,1714422972.0756114,1714422972.0898814,0.03389716148376465,0.001005411148071289,0.011441469192504883,0.0010066032409667969,1.0013580322265625e-05,0.006163358688354492
1714422972.1216023,1714422972.1725543,0.05095195770263672,0.014229059219360352,1714422972.1549685,1714422972.1691976,0.03340435028076172,0.0010254383087158203,0.010235309600830078,0.0010602474212646484,1.0251998901367188e-05,0.00684356689453125
1714422972.1966057,1714422972.2475061,0.05090045928955078,0.014133930206298828,1714422972.229938,1714422972.244072,0.03425478935241699,0.0010457038879394531,0.009202718734741211,0.0013110637664794922,1.0013580322265625e-05,0.008550882339477539
1714422972.2762203,1714422972.3404431,0.06422281265258789,0.01466059684753418,1714422972.3215344,1714422972.336195,0.04732966423034668,0.0011086463928222656,0.02379465103149414,0.0016446113586425781,1.239776611328125e-05,0.006108283996582031
1714422972.3690605,1714422972.4192975,0.05023694038391113,0.014219284057617188,1714422972.401256,1714422972.4154754,0.03422904014587402,0.0011301040649414062,0.009356975555419922,0.0011262893676757812,9.775161743164062e-06,0.008386373519897461
1714422972.443536,1714422972.4938712,0.05033516883850098,0.013988971710205078,1714422972.476485,1714422972.490474,0.03312253952026367,0.0010533332824707031,0.009691715240478516,0.0010390281677246094,9.5367431640625e-06,0.0073394775390625
1714422972.5169342,1714422972.5728693,0.05593514442443848,0.014403581619262695,1714422972.5523705,1714422972.5667741,0.03645014762878418,0.0010437965393066406,0.013028144836425781,0.0014224052429199219,1.0967254638671875e-05,0.006540536880493164
1714422972.6015744,1714422972.6616979,0.060123443603515625,0.015384674072265625,1714422972.6410623,1714422972.656447,0.041747093200683594,0.0010273456573486328,0.017053842544555664,0.0014379024505615234,1.0967254638671875e-05,0.006831645965576172
1714422972.693202,1714422972.744292,0.05109000205993652,0.014371156692504883,1714422972.7264295,1714422972.7408006,0.03490018844604492,0.0009362697601318359,0.011323690414428711,0.0011150836944580078,9.059906005859375e-06,0.007144451141357422
1714422972.779652,1714422972.8317614,0.0521092414855957,0.014046430587768555,1714422972.814152,1714422972.8281984,0.035482168197631836,0.0009982585906982422,0.00984811782836914,0.001374959945678711,1.049041748046875e-05,0.009203433990478516
1714422972.8567045,1714422972.9219506,0.0652461051940918,0.014863014221191406,1714422972.9036973,1714422972.9185603,0.03600192070007324,0.0010097026824951172,0.010703086853027344,0.0014319419860839844,1.0967254638671875e-05,0.007982730865478516
